Statistic,White (stockfish),Black (V67)
Average Centipawn Loss,1.4188408799671461,10.906298890951218
Variance of Centipawn Loss,1.1559186913044046,431.9530237163788
Standard Deviation of Centipawn Loss,1.0751365919288602,20.78347958635365
Maximum Centipawn Loss,4.5625,207.63636363636363
Minimum Centipawn Loss,0.0,0.0
