Statistic,White (V67),Black (V67)
Average Centipawn Loss,21.105137704202647,22.559507902239606
Variance of Centipawn Loss,726.0655046704904,772.3796563337132
Standard Deviation of Centipawn Loss,26.945602696367555,27.791719204354976
Maximum Centipawn Loss,153.44444444444446,134.1818181818182
Minimum Centipawn Loss,0.0,0.0
