Statistic,White (V67),Black (stockfish)
Average Centipawn Loss,8.4326616247598,1.2790311260019702
Variance of Centipawn Loss,33.81392955219453,0.7878854097565197
Standard Deviation of Centipawn Loss,5.814974596005947,0.887629094699199
Maximum Centipawn Loss,41.89473684210526,3.857142857142857
Minimum Centipawn Loss,1.0714285714285714,0.0
