Statistic,White (stockfish),Black (V57)
Average Centipawn Loss,1.9705138039559082,19.979729384420686
Variance of Centipawn Loss,2.6593745588332918,487.0166505137872
Standard Deviation of Centipawn Loss,1.6307588904658137,22.06845374088967
Maximum Centipawn Loss,7.5,119.52941176470588
Minimum Centipawn Loss,0.0,0.6
