Statistic,White (V57),Black (stockfish)
Average Centipawn Loss,44.39239460088188,4.39311710937642
Variance of Centipawn Loss,385.2719031327852,5.787061818412687
Standard Deviation of Centipawn Loss,19.628344380838268,2.4056312723301314
Maximum Centipawn Loss,130.25,14.76923076923077
Minimum Centipawn Loss,2.6956521739130435,0.30434782608695654
