Statistic,White (V57),Black (V57)
Average Centipawn Loss,52.07893868805571,50.88722648461316
Variance of Centipawn Loss,3211.7035005733474,2877.1622677418345
Standard Deviation of Centipawn Loss,56.671893391462994,53.639185934742095
Maximum Centipawn Loss,371.2439024390244,347.2857142857143
Minimum Centipawn Loss,0.3333333333333333,0.5
