Statistic,White (stockfish),Black (V56)
Average Centipawn Loss,1.4689257001890328,12.688799044919739
Variance of Centipawn Loss,1.5637489875573163,181.92294702093213
Standard Deviation of Centipawn Loss,1.2504994952247348,13.487881487503222
Maximum Centipawn Loss,7.125,80.77777777777777
Minimum Centipawn Loss,0.0,1.25
