Statistic,White (V56),Black (stockfish)
Average Centipawn Loss,42.81602312906956,4.340485309056661
Variance of Centipawn Loss,368.58305705791,5.68792332408687
Standard Deviation of Centipawn Loss,19.198517053614065,2.3849367547352003
Maximum Centipawn Loss,92.0,12.2
Minimum Centipawn Loss,1.8461538461538463,0.0
