Statistic,White (V56),Black (V56)
Average Centipawn Loss,56.55028127781716,52.98798111506271
Variance of Centipawn Loss,3074.2071210838158,3080.757773312909
Standard Deviation of Centipawn Loss,55.445532922714484,55.50457434584026
Maximum Centipawn Loss,307.84375,296.1212121212121
Minimum Centipawn Loss,0.23076923076923078,0.0
