Statistic,White (V67),Black (stockfish)
Average Centipawn Loss,7.143701212051102,1.383741071239015
Variance of Centipawn Loss,24.90824605105545,0.7294612767839749
Standard Deviation of Centipawn Loss,4.990816170833729,0.854085052429777
Maximum Centipawn Loss,26.666666666666668,4.545454545454546
Minimum Centipawn Loss,1.1363636363636365,0.0
