Statistic,White (V67),Black (V67)
Average Centipawn Loss,10.530431553680685,9.013498314711352
Variance of Centipawn Loss,415.098132593072,307.34878839525595
Standard Deviation of Centipawn Loss,20.373957214863097,17.53136584511475
Maximum Centipawn Loss,103.13953488372093,91.68
Minimum Centipawn Loss,0.17647058823529413,0.0
