Statistic,White (stockfish),Black (V58)
Average Centipawn Loss,1.7103686467617307,13.183633755618805
Variance of Centipawn Loss,1.8671939135961002,192.67316490434612
Standard Deviation of Centipawn Loss,1.3664530411236604,13.880675952717365
Maximum Centipawn Loss,6.090909090909091,83.16666666666667
Minimum Centipawn Loss,0.0,1.3333333333333333
