Statistic,White (V58),Black (stockfish)
Average Centipawn Loss,40.931394970721364,4.337018118870386
Variance of Centipawn Loss,457.2519294759721,5.967588294190085
Standard Deviation of Centipawn Loss,21.383449896496405,2.4428647719818803
Maximum Centipawn Loss,100.22222222222223,11.6
Minimum Centipawn Loss,3.375,0.0
