Statistic,White (stockfish),Black (V69)
Average Centipawn Loss,1.3559169759747614,8.131956390650227
Variance of Centipawn Loss,1.3842438275607163,23.35872159220708
Standard Deviation of Centipawn Loss,1.1765389188465958,4.833086135401176
Maximum Centipawn Loss,5.92,26.944444444444443
Minimum Centipawn Loss,0.0,0.0
