Statistic,White (V69),Black (stockfish)
Average Centipawn Loss,8.637629269587505,1.3869154577295675
Variance of Centipawn Loss,17.82535871592319,1.1631231332450518
Standard Deviation of Centipawn Loss,4.222008848394706,1.0784818650515418
Maximum Centipawn Loss,24.6875,6.681818181818182
Minimum Centipawn Loss,0.8571428571428571,0.0
