Statistic,White (V69),Black (V69)
Average Centipawn Loss,25.455812436165417,23.895477315040953
Variance of Centipawn Loss,1055.000221667831,1076.3753249428562
Standard Deviation of Centipawn Loss,32.48076695011728,32.8081594263204
Maximum Centipawn Loss,157.25641025641025,172.42105263157896
Minimum Centipawn Loss,0.0,0.0
