Statistic,White (stockfish),Black (V65)
Average Centipawn Loss,1.597922844308968,10.196015317459745
Variance of Centipawn Loss,1.3197582405553385,38.467133721498534
Standard Deviation of Centipawn Loss,1.1488073121961484,6.202187817334988
Maximum Centipawn Loss,5.785714285714286,46.94117647058823
Minimum Centipawn Loss,0.0,1.5714285714285714
