Statistic,White (V65),Black (stockfish)
Average Centipawn Loss,6.788587639619014,1.3292453249915712
Variance of Centipawn Loss,14.963584443094508,0.6246943875089961
Standard Deviation of Centipawn Loss,3.8682792612600383,0.7903761050974378
Maximum Centipawn Loss,28.074074074074073,3.590909090909091
Minimum Centipawn Loss,0.7272727272727273,0.0
