Statistic,White (V65),Black (V65)
Average Centipawn Loss,11.001359320419082,11.286541635184728
Variance of Centipawn Loss,439.6684473667288,456.86572373036324
Standard Deviation of Centipawn Loss,20.968272398238458,21.374417506223725
Maximum Centipawn Loss,96.76923076923077,94.21052631578948
Minimum Centipawn Loss,0.0,0.0
