Statistic,White (stockfish),Black (V63)
Average Centipawn Loss,1.5179668086986977,8.618508618485631
Variance of Centipawn Loss,1.297832367993024,31.73771064329766
Standard Deviation of Centipawn Loss,1.1392244590040297,5.6336232251809015
Maximum Centipawn Loss,5.0,40.833333333333336
Minimum Centipawn Loss,0.0,0.0
