Statistic,White (V63),Black (stockfish)
Average Centipawn Loss,7.198319160084307,1.1807439865206715
Variance of Centipawn Loss,17.98802557218017,0.7416788636861866
Standard Deviation of Centipawn Loss,4.241229252490387,0.8612077935586664
Maximum Centipawn Loss,22.6,3.814814814814815
Minimum Centipawn Loss,0.6,0.0
