Statistic,White (V63),Black (V63)
Average Centipawn Loss,11.653127619432336,10.727263341280269
Variance of Centipawn Loss,456.8780486223745,546.3614781217613
Standard Deviation of Centipawn Loss,21.3747058137036,23.374376529049094
Maximum Centipawn Loss,105.03448275862068,147.85714285714286
Minimum Centipawn Loss,0.0,0.0
