Statistic,White (stockfish),Black (V60)
Average Centipawn Loss,1.794279573103757,12.21522030275275
Variance of Centipawn Loss,1.7525325106020377,170.85747600679383
Standard Deviation of Centipawn Loss,1.3238325085153475,13.071246153553755
Maximum Centipawn Loss,6.666666666666667,81.66666666666667
Minimum Centipawn Loss,0.0,1.8333333333333333
