Statistic,White (V60),Black (V60)
Average Centipawn Loss,56.487817174542144,57.000555498293345
Variance of Centipawn Loss,2504.837022197131,2346.386742981848
Standard Deviation of Centipawn Loss,50.04834684779439,48.43951633719982
Maximum Centipawn Loss,204.5,185.3469387755102
Minimum Centipawn Loss,0.18421052631578946,0.12903225806451613
