Statistic,White (V60),Black (stockfish)
Average Centipawn Loss,38.07127174120806,3.852603609725699
Variance of Centipawn Loss,241.88275529053527,3.970934946828666
Standard Deviation of Centipawn Loss,15.552580341876883,1.992720488886654
Maximum Centipawn Loss,84.25,8.875
Minimum Centipawn Loss,3.3333333333333335,0.23529411764705882
