Statistic,White (stockfish),Black (V68)
Average Centipawn Loss,1.7283689415435015,7.558877748733157
Variance of Centipawn Loss,1.0837383802274623,17.705531656983155
Standard Deviation of Centipawn Loss,1.0410275597828629,4.207794155728528
Maximum Centipawn Loss,5.777777777777778,31.8
Minimum Centipawn Loss,0.0,2.142857142857143
