Statistic,White (V68),Black (stockfish)
Average Centipawn Loss,7.438301304391896,1.3350957738008904
Variance of Centipawn Loss,24.23213675340274,0.9626384384096667
Standard Deviation of Centipawn Loss,4.92261482886918,0.9811413957272758
Maximum Centipawn Loss,28.515151515151516,5.533333333333333
Minimum Centipawn Loss,0.7857142857142857,0.0
