Statistic,White (V68),Black (V68)
Average Centipawn Loss,13.147371645872063,13.727730517756367
Variance of Centipawn Loss,638.1446584018846,740.6836051390806
Standard Deviation of Centipawn Loss,25.2615252588177,27.21550302932284
Maximum Centipawn Loss,139.0,148.02857142857144
Minimum Centipawn Loss,0.14285714285714285,0.047619047619047616
