Statistic,White (stockfish),Black (V31)
Average Centipawn Loss,1.8494436648354673,13.651795823617709
Variance of Centipawn Loss,2.7223603328164954,225.27237425373372
Standard Deviation of Centipawn Loss,1.6499576760682364,15.009076395759125
Maximum Centipawn Loss,9.7,68.8
Minimum Centipawn Loss,0.0,1.5714285714285714
