Statistic,White (V31),Black (V31)
Average Centipawn Loss,62.17701809168115,59.314259037903206
Variance of Centipawn Loss,2832.906756957953,2417.5606858832966
Standard Deviation of Centipawn Loss,53.22505760408299,49.16869619873295
Maximum Centipawn Loss,254.45652173913044,231.36170212765958
Minimum Centipawn Loss,0.0,0.045454545454545456
