Statistic,White (V31),Black (stockfish)
Average Centipawn Loss,40.427976616976395,4.004216510500515
Variance of Centipawn Loss,476.8627215694253,5.517026798150922
Standard Deviation of Centipawn Loss,21.837186667916388,2.348835200296292
Maximum Centipawn Loss,109.0,11.416666666666666
Minimum Centipawn Loss,3.15,0.14814814814814814
