Statistic,White (stockfish),Black (V63)
Average Centipawn Loss,1.2039899919102757,8.39120637731277
Variance of Centipawn Loss,1.0998575372562749,26.015820024166228
Standard Deviation of Centipawn Loss,1.0487409295227659,5.100570558689118
Maximum Centipawn Loss,4.428571428571429,31.047619047619047
Minimum Centipawn Loss,0.0,0.0
