Statistic,White (V63),Black (stockfish)
Average Centipawn Loss,8.828997421601054,1.3556157393575095
Variance of Centipawn Loss,49.84341562361341,1.479914356229103
Standard Deviation of Centipawn Loss,7.059986942170177,1.216517306177394
Maximum Centipawn Loss,58.64705882352941,7.371428571428571
Minimum Centipawn Loss,1.1666666666666667,0.0
