Statistic,White (V63),Black (V63)
Average Centipawn Loss,23.0820525135064,23.560731240564845
Variance of Centipawn Loss,1193.3539541011187,1249.9171864279053
Standard Deviation of Centipawn Loss,34.544955552165916,35.35416787916108
Maximum Centipawn Loss,183.3877551020408,195.42857142857142
Minimum Centipawn Loss,0.0,0.0
