Statistic,White (stockfish),Black (V31)
Average Centipawn Loss,1.451455557249544,9.149936863880928
Variance of Centipawn Loss,1.2811521968230541,35.03526686302253
Standard Deviation of Centipawn Loss,1.1318799392263537,5.919059626581111
Maximum Centipawn Loss,4.923076923076923,48.4
Minimum Centipawn Loss,0.0,0.2857142857142857
