Statistic,White (V31),Black (stockfish)
Average Centipawn Loss,8.106796879182866,1.3107901512055227
Variance of Centipawn Loss,47.75173664749886,1.086273887860233
Standard Deviation of Centipawn Loss,6.9102631388029545,1.042244639161187
Maximum Centipawn Loss,60.375,6.25
Minimum Centipawn Loss,1.375,0.0
