Statistic,White (stockfish),Black (V64)
Average Centipawn Loss,1.5756904100980447,9.424249522897997
Variance of Centipawn Loss,1.4767070268835443,29.729694659727407
Standard Deviation of Centipawn Loss,1.21519834878243,5.452494352104127
Maximum Centipawn Loss,7.555555555555555,29.583333333333332
Minimum Centipawn Loss,0.0,1.75
