Statistic,White (V64),Black (V64)
Average Centipawn Loss,9.047443256814592,9.067919763176384
Variance of Centipawn Loss,275.940311529203,242.48318033727787
Standard Deviation of Centipawn Loss,16.61145121683241,15.5718714462096
Maximum Centipawn Loss,79.53571428571429,71.97826086956522
Minimum Centipawn Loss,0.0,0.06666666666666667
