Statistic,White (V64),Black (stockfish)
Average Centipawn Loss,6.827520995047988,1.4743818851457307
Variance of Centipawn Loss,17.420976535804243,0.9661210674850073
Standard Deviation of Centipawn Loss,4.173844335358501,0.9829145779186548
Maximum Centipawn Loss,25.36842105263158,4.076923076923077
Minimum Centipawn Loss,0.2857142857142857,0.0
