Statistic,White (stockfish),Black (V59)
Average Centipawn Loss,1.7815897480460345,16.9788239109442
Variance of Centipawn Loss,3.1922039240638123,568.0508214526242
Standard Deviation of Centipawn Loss,1.7866739837093426,23.8338167621685
Maximum Centipawn Loss,8.923076923076923,149.66666666666666
Minimum Centipawn Loss,0.0,0.0
