Statistic,White (V59),Black (stockfish)
Average Centipawn Loss,47.58586747513836,3.9208606386378246
Variance of Centipawn Loss,788.3357429512503,6.4641761535710645
Standard Deviation of Centipawn Loss,28.07731723208701,2.542474415519469
Maximum Centipawn Loss,132.8,11.470588235294118
Minimum Centipawn Loss,3.1904761904761907,0.3333333333333333
