Statistic,White (stockfish),Black (V66)
Average Centipawn Loss,1.7429918568905731,9.535574247871363
Variance of Centipawn Loss,1.3960455007242587,26.902834975200122
Standard Deviation of Centipawn Loss,1.1815436939547597,5.1867942869560695
Maximum Centipawn Loss,5.066666666666666,25.0
Minimum Centipawn Loss,0.0,0.7777777777777778
