Statistic,White (V66),Black (V66)
Average Centipawn Loss,11.803393489342769,12.238643618676283
Variance of Centipawn Loss,462.26492480744315,516.9047664316669
Standard Deviation of Centipawn Loss,21.500347085743595,22.735539721582747
Maximum Centipawn Loss,110.225,104.4
Minimum Centipawn Loss,0.0,0.0
