Statistic,White (stockfish),Black (V66)
Average Centipawn Loss,1.4786248249859186,8.06181292915125
Variance of Centipawn Loss,1.424452471779067,19.440428731434274
Standard Deviation of Centipawn Loss,1.1935042822625594,4.409130155873636
Maximum Centipawn Loss,5.166666666666667,24.083333333333332
Minimum Centipawn Loss,0.0,0.16666666666666666
