Statistic,White (V66),Black (stockfish)
Average Centipawn Loss,8.284695567444546,1.233310446422566
Variance of Centipawn Loss,24.0150512054544,1.3080049711132415
Standard Deviation of Centipawn Loss,4.900515402021955,1.1436804497381432
Maximum Centipawn Loss,23.944444444444443,4.933333333333334
Minimum Centipawn Loss,0.5,0.0
