Statistic,White (V66),Black (V66)
Average Centipawn Loss,18.641715434443874,19.0671805308411
Variance of Centipawn Loss,791.6562356855907,942.8137383928328
Standard Deviation of Centipawn Loss,28.13638632954827,30.70527215956297
Maximum Centipawn Loss,135.48,133.08
Minimum Centipawn Loss,0.0,0.0
