Statistic,White (V64),Black (stockfish)
Average Centipawn Loss,9.64042097063409,1.2625865251011552
Variance of Centipawn Loss,29.119571804272486,1.1406606773713828
Standard Deviation of Centipawn Loss,5.396255350173163,1.0680171709159842
Maximum Centipawn Loss,38.476190476190474,5.0
Minimum Centipawn Loss,0.6,0.0
