Statistic,White (V64),Black (V64)
Average Centipawn Loss,26.98809444562072,24.14274768732569
Variance of Centipawn Loss,1613.8987149739887,1507.4244183319547
Standard Deviation of Centipawn Loss,40.17335827353731,38.825563979573495
Maximum Centipawn Loss,211.5,211.3846153846154
Minimum Centipawn Loss,0.0,0.0
