Statistic,White (stockfish),Black (V69)
Average Centipawn Loss,1.7204786038814888,8.657095346936948
Variance of Centipawn Loss,1.7986212158343773,22.819690655622566
Standard Deviation of Centipawn Loss,1.341126845542351,4.776995986561279
Maximum Centipawn Loss,7.157894736842105,22.0
Minimum Centipawn Loss,0.0,1.8181818181818181
