Statistic,White (V69),Black (V69)
Average Centipawn Loss,8.927426191446878,8.617696867074335
Variance of Centipawn Loss,304.39453149020414,253.44730786203115
Standard Deviation of Centipawn Loss,17.446906072143683,15.920028513229214
Maximum Centipawn Loss,113.33333333333333,108.14814814814815
Minimum Centipawn Loss,0.0,0.23076923076923078
