Statistic,White (V69),Black (stockfish)
Average Centipawn Loss,6.445809144655307,1.2447371746645381
Variance of Centipawn Loss,12.894732677564809,0.6610565152195399
Standard Deviation of Centipawn Loss,3.590923652427716,0.813053820616778
Maximum Centipawn Loss,17.90909090909091,4.25
Minimum Centipawn Loss,0.08333333333333333,0.0
