Statistic,White (stockfish),Black (V65)
Average Centipawn Loss,1.418846177145369,8.823851919845959
Variance of Centipawn Loss,1.454805517498713,16.49646598257829
Standard Deviation of Centipawn Loss,1.2061531898970017,4.0615841715491126
Maximum Centipawn Loss,6.791666666666667,18.466666666666665
Minimum Centipawn Loss,0.0,0.2
