Statistic,White (V65),Black (stockfish)
Average Centipawn Loss,8.62671421047346,1.4336182146881549
Variance of Centipawn Loss,40.07975640699851,1.4171387099636181
Standard Deviation of Centipawn Loss,6.330857478019744,1.1904363527562565
Maximum Centipawn Loss,36.73913043478261,5.6
Minimum Centipawn Loss,0.0,0.0
