Statistic,White (V65),Black (V65)
Average Centipawn Loss,29.750568537243343,30.44933736446462
Variance of Centipawn Loss,1695.661217084105,1688.992421084429
Standard Deviation of Centipawn Loss,41.17840717031324,41.09735296931457
Maximum Centipawn Loss,209.0,198.21428571428572
Minimum Centipawn Loss,0.0,0.0
