Statistic,White (stockfish),Black (V68)
Average Centipawn Loss,1.340913584805842,9.658363333327795
Variance of Centipawn Loss,1.4739174409800164,46.89978658035264
Standard Deviation of Centipawn Loss,1.214050015847789,6.848341885475099
Maximum Centipawn Loss,6.875,46.214285714285715
Minimum Centipawn Loss,0.0,1.6363636363636365
