Statistic,White (V68),Black (stockfish)
Average Centipawn Loss,8.067285634813812,1.4045242798050463
Variance of Centipawn Loss,24.37873695809966,2.067257894710564
Standard Deviation of Centipawn Loss,4.937482856486659,1.4377961937321173
Maximum Centipawn Loss,42.0,11.75
Minimum Centipawn Loss,1.0833333333333333,0.0
