Statistic,White (V68),Black (V68)
Average Centipawn Loss,27.158674584304773,28.450920762367517
Variance of Centipawn Loss,1223.3759458944287,1383.0722571697374
Standard Deviation of Centipawn Loss,34.976791532306514,37.189679444299294
Maximum Centipawn Loss,157.11111111111111,158.25806451612902
Minimum Centipawn Loss,0.0,0.0
